Year,Month,Sum of SalesVolume running total in Year,Sum of SalesVolume
1995,January,8683,8683
1995,February,8919,8919
1995,March,12420,12420
1995,April,10111,10111
1995,May,11730,11730
1995,June,13660,13660
1995,July,11491,11491
1995,August,12314,12314
1995,September,12675,12675
1995,October,11128,11128
1995,November,11868,11868
1995,December,13153,13153
1996,January,17492,8809
1996,February,18222,9303
1996,March,24712,12292
1996,April,21036,10925
1996,May,25471,13741
1996,June,27098,13438
1996,July,25939,14448
1996,August,27891,15577
1996,September,26071,13396
1996,October,25982,14854
1996,November,27867,15999
1996,December,27978,14825
1997,January,28781,11289
1997,February,29428,11206
1997,March,37374,12662
1997,April,33798,12762
1997,May,40997,15526
1997,June,42975,15877
1997,July,42536,16597
1997,August,44252,16361
1997,September,40979,14908
1997,October,42449,16467
1997,November,42019,14152
1997,December,43426,15448
1998,January,39163,10382
1998,February,40311,10883
1998,March,50512,13138
1998,April,47353,13555
1998,May,55931,14934
1998,June,58799,15824
1998,July,60581,18045
1998,August,59558,15306
1998,September,55728,14749
1998,October,58646,16197
1998,November,56931,14912
1998,December,58864,15438
1999,January,49780,10617
1999,February,51570,11259
1999,March,65022,14510
1999,April,62575,15222
1999,May,71291,15360
1999,June,75756,16957
1999,July,80861,20280
1999,August,77309,17751
1999,September,72610,16882
1999,October,77235,18589
1999,November,74827,17896
1999,December,76810,17946
2000,January,61517,11737
2000,February,64389,12819
2000,March,82244,17222
2000,April,78099,15524
2000,May,88112,16821
2000,June,95253,19497
2000,July,98808,17947
2000,August,95164,17855
2000,September,90218,17608
2000,October,93517,16282
2000,November,90904,16077
2000,December,94341,17531
2001,January,73279,11762
2001,February,76623,12234
2001,March,98816,16572
2001,April,93802,15703
2001,May,105929,17817
2001,June,115787,20534
2001,July,119064,20256
2001,August,117590,22426
2001,September,108160,17942
2001,October,113367,19850
2001,November,112322,21418
2001,December,112534,18193
2002,January,87114,13835
2002,February,91791,15168
2002,March,118543,19727
2002,April,111908,18106
2002,May,130813,24884
2002,June,134935,19148
2002,July,142399,23335
2002,August,141437,23847
2002,September,128095,19935
2002,October,134014,20647
2002,November,135346,23024
2002,December,132896,20362
2003,January,102829,15715
2003,February,107469,15678
2003,March,135602,17059
2003,April,129466,17558
2003,May,150785,19972
2003,June,155331,20396
2003,July,163859,21460
2003,August,164347,22910
2003,September,149834,21739
2003,October,158751,24737
2003,November,158283,22937
2003,December,156931,24035
2004,January,119920,17091
2004,February,124847,17378
2004,March,156327,20725
2004,April,152463,22997
2004,May,171724,20939
2004,June,179285,23954
2004,July,189512,25653
2004,August,185810,21463
2004,September,169018,19184
2004,October,178043,19292
2004,November,175198,16915
2004,December,174405,17474
2005,January,131190,11270
2005,February,136849,12002
2005,March,170365,14038
2005,April,168877,16414
2005,May,188268,16544
2005,June,198226,18941
2005,July,209207,19695
2005,August,204140,18330
2005,September,188216,19198
2005,October,195409,17366
2005,November,192934,17736
2005,December,194603,20198
2006,January,145517,14327
2006,February,151965,15116
2006,March,190402,20037
2006,April,186728,17851
2006,May,208092,19824
2006,June,222245,24019
2006,July,230750,21543
2006,August,226097,21957
2006,September,210163,21947
2006,October,216783,21374
2006,November,215303,22369
2006,December,218466,23863
2007,January,162262,16745
2007,February,169185,17220
2007,March,211731,21329
2007,April,205442,18714
2007,May,228670,20578
2007,June,246773,24528
2007,July,253525,22775
2007,August,249583,23486
2007,September,229323,19160
2007,October,236654,19871
2007,November,235570,20267
2007,December,234991,16525
2008,January,174156,11894
2008,February,181869,12684
2008,March,223478,11747
2008,April,217974,12532
2008,May,241536,12866
2008,June,258307,11534
2008,July,263948,10423
2008,August,258626,9043
2008,September,237304,7981
2008,October,245131,8477
2008,November,242427,6857
2008,December,242389,7398
2009,January,179008,4852
2009,February,186954,5085
2009,March,230145,6667
2009,April,224740,6766
2009,May,249113,7577
2009,June,267191,8884
2009,July,274060,10112
2009,August,267673,9047
2009,September,246416,9112
2009,October,255639,10508
2009,November,252064,9637
2009,December,254724,12335
2010,January,184638,5630
2010,February,194102,7148
2010,March,238507,8362
2010,April,233178,8438
2010,May,257624,8511
2010,June,277023,9832
2010,July,284946,10886
2010,August,277321,9648
2010,September,255555,9139
2010,October,265239,9600
2010,November,260936,8872
2010,December,264075,9351
2011,January,190875,6237
2011,February,200665,6563
2011,March,246430,7923
2011,April,241831,8653
2011,May,265802,8178
2011,June,286543,9520
2011,July,294797,9851
2011,August,287360,10039
2011,September,265722,10167
2011,October,274838,9599
2011,November,270756,9820
2011,December,274607,10532
2012,January,197941,7066
2012,February,207926,7261
2012,March,256331,9901
2012,April,249047,7216
2012,May,274332,8530
2012,June,296254,9711
2012,July,304070,9273
2012,August,297523,10163
2012,September,274082,8360
2012,October,284175,9337
2012,November,281242,10486
2012,December,283758,9151
2013,January,205019,7078
2013,February,215868,7942
2013,March,265805,9474
2013,April,257724,8677
2013,May,285395,11063
2013,June,307620,11366
2013,July,316102,12032
2013,August,310510,12987
2013,September,285365,11283
2013,October,297255,13080
2013,November,295543,14301
2013,December,296976,13218
2014,January,216404,11385
2014,February,227702,11834
2014,March,278384,12579
2014,April,270249,12525
2014,May,299698,14303
2014,June,322346,14726
2014,July,330888,14786
2014,August,326152,15642
2014,September,299260,13895
2014,October,312790,15535
2014,November,308624,13081
2014,December,310823,13847
2015,January,226619,10215
2015,February,238692,10990
2015,March,291328,12944
2015,April,281958,11709
2015,May,313973,14275
2015,June,337520,15174
2015,July,347771,16883
2015,August,341231,15079
2015,September,314075,14815
2015,October,329436,16646
2015,November,323189,14565
2015,December,325672,14849
2016,January,237824,11205
2016,February,250748,12056
2016,March,311620,20292
2016,April,291118,9160
2016,May,323736,9763
2016,June,348677,11157
2016,July,360962,13191
2016,August,354428,13197
2016,September,326527,12452
2016,October,340988,11552
2016,November,323189,0
2016,December,325672,0
